No,Description,Classification
1,This is a laptop,Electronincs
2,This is a laptop,Electronics
3,This is a laptop,Electronincs
4,This is a laptop,Electronics
5,This is a laptop,Electronincs
6,This is a laptop,Electronics
7,This is a laptop,Electronincs
8,This is a laptop,Electronics
9,This is a laptop,Electronincs
10,This is a laptop,Electronincs
11,This is a laptop,Electronics
12,This is a shirt,Mens Fashion
13,This is a shirt,Mens Fashion
14,This is a shirt,Mens Fashion
15,This is a shirt,Mens Fashion
16,This is a shirt,Mens Fashion
17,This is a shirt,Mens Fashion
18,This is a shirt,Mens Fashion
19,This is a shirt,Mens Fashion
20,This is a shirt,Mens Fashion
21,This is a shirt,Mens Fashion
22,This is a shirt,Mens Fashion
23,This is a shirt,Mens Fashion
24,This is a shirt,Mens Fashion
25,This is a shirt,Mens Fashion
26,This is a shirt,Mens Fashion
27,This is a shirt,Mens Fashion
28,This is a shirt,Mens Fashion
29,This is a shirt,Mens Fashion
30,This is a hand mixer,Kitchen & Dining
31,This is a hand mixer,Kitchen & Dining
32,This is a hand mixer,Kitchen & Dining
33,This is a hand mixer,Kitchen & Dining
34,This is a hand mixer,Kitchen & Dining
35,This is a hand mixer,Kitchen & Dining
36,This is a hand mixer,Kitchen & Dining
37,This is a hand mixer,Kitchen & Dining
38,This is a hand mixer,Kitchen & Dining
39,This is a hand mixer,Kitchen & Dining
40,This is a hand mixer,Kitchen & Dining
41,This is a hand mixer,Kitchen & Dining
42,This is a hand mixer,Kitchen & Dining
43,This is a hand mixer,Kitchen & Dining
44,This is a hand mixer,Kitchen & Dining
45,This is a hand mixer,Kitchen & Dining
46,This is a hand mixer,Kitchen & Dining
47,This is a hand mixer,Kitchen & Dining
48,This is a hand mixer,Kitchen & Dining
49,This is a hand mixer,Kitchen & Dining
50,This is a hand mixer,Kitchen & Dining
51,This is a hand mixer,Kitchen & Dining
52,This is a hand mixer,Kitchen & Dining
53,This is a hand mixer,Kitchen & Dining
54,This is an apple,FreshFruit
55,This is an apple,FreshFruit
56,This is an apple,FreshFruit
57,This is an apple,FreshFruit
58,This is an apple,FreshFruit
59,This is an apple,FreshFruit
60,This is an apple,FreshFruit
61,This is an apple,FreshFruit
62,This is an apple,FreshFruit
63,This is an apple,FreshFruit
64,This is an apple,FreshFruit
65,This is an apple,FreshFruit
66,This is an apple,FreshFruit
67,This is an apple,FreshFruit
68,This is an apple,FreshFruit
69,This is an apple,FreshFruit
70,This is an apple,FreshFruit
71,This is an apple,FreshFruit
72,This is an apple,FreshFruit
